epoch,train_total_loss,train_giou_loss,train_l1_loss,train_focal_loss,train_iou,val_total_loss,val_giou_loss,val_l1_loss,val_focal_loss,val_iou,lr_group0,lr_group1
1,1.0047966727730304,0.24225774093468988,0.021303705911669465,0.4137626627853864,0.7747209301326013,0.956686310483385,0.23063942242858673,0.019078487480547333,0.4000150289879564,0.78210320893456,8.000000000000001e-06,2.4000000000000003e-06
2,0.9418539227975726,0.22899882076846223,0.019898615148746298,0.384363204613949,0.7868810140490531,0.9756919752520884,0.23846237778451132,0.02077610332040705,0.3948867050134004,0.7784403497735022,8.000000000000001e-06,2.4000000000000003e-06
3,0.9250797138545256,0.22644478072060503,0.019989509533262912,0.37224260494671785,0.7897060451954606,0.9303014736602652,0.2236124403017727,0.01901354580626237,0.3880088650820687,0.7915861722938514,8.000000000000001e-06,2.4000000000000003e-06
4,0.8935936004122098,0.2161036219067045,0.01861948198121456,0.36828894642740473,0.7977342813644147,0.8798627956187662,0.21273576193314822,0.017690138949443213,0.36594057609509767,0.7987505175744359,8.000000000000001e-06,2.4000000000000003e-06
5,0.8795122104187795,0.21317276468541907,0.018599777792890886,0.3601677899046077,0.8010880829046177,0.9639174085037377,0.23520536404667475,0.02093271674910383,0.3888430954712489,0.7813214991513951,8.000000000000001e-06,2.4000000000000003e-06
6,0.8757827408346863,0.2122648521926665,0.018653621299813197,0.3579849276593369,0.8023463476830063,0.9211574281281963,0.22542270438981346,0.018628166520340567,0.37717118896643603,0.7875957732319623,8.000000000000001e-06,2.4000000000000003e-06
7,0.842234107325474,0.20348749254809506,0.016968709697739955,0.3504155734008593,0.808174190024535,0.9971440106683451,0.23948522860353633,0.022136526524276876,0.407490921160289,0.7810185658952984,8.000000000000001e-06,2.4000000000000003e-06
8,0.8426597836448083,0.20385761894120102,0.016743996622247855,0.35122456273457214,0.8074503770139486,0.9681208724431598,0.2304977039921092,0.020762287153332837,0.40331402661713806,0.7860592474061958,8.000000000000001e-06,2.4000000000000003e-06
9,0.8018519758250982,0.19398367366525865,0.015508364604579088,0.3363428052874124,0.8154200152953471,0.9593309769390314,0.23329523386377268,0.02038768633416525,0.39080207799220995,0.7831842093969199,8.000000000000001e-06,2.4000000000000003e-06
10,0.8083231666054991,0.19540750956535335,0.016314415334413458,0.3359360708017937,0.8156386884715824,0.9468616349705608,0.22628891165243756,0.019904275438059345,0.3947624382820253,0.7890986600449165,8.000000000000001e-06,2.4000000000000003e-06
11,0.807650413317814,0.1948012639019225,0.01591490757796498,0.33847334779364346,0.8156029220024743,0.9957161989069663,0.23077794585423478,0.020144885937133785,0.433435878210075,0.7848514905481628,8.000000000000001e-06,2.4000000000000003e-06
12,0.8048888914585111,0.19490119965871175,0.016100688417752595,0.33458305070347455,0.8163989419672222,0.9757751387655206,0.22483382983641179,0.0194143331767377,0.42903581643128436,0.7900939230506645,8.000000000000001e-06,2.4000000000000003e-06
13,0.7821025938722826,0.1873330108854506,0.014907390876362711,0.33289961758620706,0.8216961720122228,0.9774187163660651,0.23457067243343147,0.020746411098276876,0.4045453165822171,0.7827571009280766,8.000000000000001e-06,2.4000000000000003e-06
14,0.7742525780962572,0.18783809826109155,0.014954970041082982,0.32380153173715276,0.821768460594946,0.9620939096611871,0.22940556080796068,0.019738584629022605,0.40458986655196394,0.7863836018982845,8.000000000000001e-06,2.4000000000000003e-06
15,0.7781913141376439,0.18559327861997837,0.014550802316102701,0.33425074645074904,0.8226702720589109,0.992702131204427,0.24008702148090702,0.02028966991068153,0.4110797369211858,0.7762604231237306,8.000000000000001e-06,2.4000000000000003e-06
16,0.7936548975706105,0.19030055655373462,0.015576720822188589,0.3351701810008121,0.8197837836278816,1.000501661403719,0.23780532959523268,0.02147978074589675,0.4174920976545441,0.7804613789931972,8.000000000000001e-06,2.4000000000000003e-06
17,0.7695849970380467,0.18207278411918204,0.013776631898350183,0.3365562701174833,0.8249776925510827,0.9727920862230178,0.23274660243282536,0.020553623472212592,0.40453076477821626,0.7843760695049466,8.000000000000001e-06,2.4000000000000003e-06
18,0.787759350207117,0.1881440598832234,0.015155135560780745,0.3356955528477883,0.8209730425675708,1.015678572144738,0.2452860513897928,0.02229754599857139,0.4136187368688471,0.7740637136759394,8.000000000000001e-06,2.4000000000000003e-06
19,0.7998722005983192,0.19175356483459471,0.01579248252179888,0.3374026574699415,0.8191485297414987,0.9712658765428634,0.23101313420158015,0.019657298819611854,0.41095311738427837,0.7843499327619652,8.000000000000001e-06,2.4000000000000003e-06
20,0.7799192955659502,0.18505493905809192,0.014744380933543038,0.3360875123904814,0.823727910783556,0.9673134968508161,0.23729668772794354,0.019888428788559103,0.3932779770885693,0.778262373969729,8.000000000000001e-06,2.4000000000000003e-06
21,0.7886308311223988,0.1885106011894016,0.015333855823924146,0.33494034930272,0.8217103658583428,0.9526165218064279,0.22689059297031264,0.01928955857407919,0.40238754867630844,0.787014144414674,8.000000000000001e-06,2.4000000000000003e-06
22,0.7562143240703484,0.18248394233650625,0.014366968134211178,0.31941159774306155,0.8259473881191673,1.0107138017707118,0.24002671661436428,0.020847526483516638,0.42642273624641786,0.7780191334173641,8.000000000000001e-06,2.4000000000000003e-06
23,0.7416559354033736,0.17890105627642766,0.013842908824483555,0.31463927937992353,0.8288803898625893,0.9647682803996744,0.2302754688709177,0.019018852920561977,0.40912307933207,0.7829089934494403,8.000000000000001e-06,2.4000000000000003e-06
24,0.7570021314322947,0.18225560830699097,0.014412257136983984,0.3204296284064442,0.826717398683229,0.9163662971606654,0.22274118821251224,0.01810546011668954,0.38035661742878074,0.7897480880831652,8.000000000000001e-06,2.4000000000000003e-06
25,0.733147633665139,0.1752402452097999,0.013484477987305971,0.31524475356305226,0.8320377334223851,0.9079136668360802,0.215747491720526,0.0179988320588189,0.38642452361837026,0.7962475833142723,8.000000000000001e-06,2.4000000000000003e-06
26,0.7636089626285769,0.1827498439417944,0.014618371564894917,0.3250174155527621,0.8262875837882354,0.9329395838706037,0.22934855799624004,0.020112420108547822,0.3736803686651342,0.7874286317145338,8.000000000000001e-06,2.4000000000000003e-06
27,0.7262195007403698,0.17436236770947772,0.013857314833336395,0.30820819071214656,0.8339395237763718,0.944610425999882,0.22756490068852164,0.0196277011341935,0.39134211887405435,0.7888542141652467,8.000000000000001e-06,2.4000000000000003e-06
28,0.7250935143762163,0.17629015398025505,0.013472320099257746,0.3051516058814401,0.8304676426384187,0.9884448730106239,0.2389350355521455,0.020966037823992936,0.40574461242363363,0.7784320103824668,8.000000000000001e-06,2.4000000000000003e-06
29,0.7242395595279004,0.17439894913302548,0.01362097693855565,0.30733677691800737,0.8333140745560328,0.9244040725171674,0.2229679904200814,0.017976231632319248,0.3885869358901976,0.7900289124717902,8.000000000000002e-07,2.4000000000000003e-07
30,0.7336807841360568,0.17418158388137814,0.013521674589564422,0.31770924352016283,0.8333738937510373,0.9389893630396662,0.23011686840159382,0.020104707484324455,0.37823208642657874,0.7859672621397196,8.000000000000002e-07,2.4000000000000003e-07
31,0.7334290143218314,0.17636762649483134,0.014192631216926706,0.309730604152195,0.8325728409886368,0.9819432416011089,0.23633820147862844,0.020664429217377763,0.40594469116620535,0.7805356669128466,8.000000000000002e-07,2.4000000000000003e-07
32,0.719494081801838,0.1738022259871164,0.01355582972160643,0.30411048247033934,0.8335744365122587,0.9461193574250487,0.22054078601260876,0.018396622134429042,0.41305467725354605,0.7924656237935422,8.000000000000002e-07,2.4000000000000003e-07
33,0.7356242722703348,0.17746194618278072,0.013875664704375804,0.3113220561397678,0.8302996082968178,0.9601172698585324,0.22058214876741003,0.01892005363993891,0.4243527071205183,0.793722743550298,8.000000000000002e-07,2.4000000000000003e-07
34,0.7425423756606045,0.179478863120079,0.014266684412542311,0.31225122816653733,0.8288682063420618,0.9741983158039109,0.2350986659420578,0.020701493393902055,0.4004935157118422,0.7825932391187084,8.000000000000002e-07,2.4000000000000003e-07
35,0.7275781400899094,0.1748262602355747,0.013681416006137934,0.3095185391430537,0.8330892930163273,0.8919569404792451,0.21859582174908038,0.01762291044992878,0.366650742852194,0.7939909203326642,8.000000000000002e-07,2.4000000000000003e-07
36,0.7319132685793773,0.17696511816978458,0.013614093172881356,0.30991256677594764,0.8304101117054626,0.969361630831172,0.22881757315254886,0.02007966184633354,0.4113281760846203,0.7870393803944138,8.000000000000002e-07,2.4000000000000003e-07
37,0.7422894073890316,0.17767566621303557,0.013884164630952815,0.3175172521910477,0.8304903079933587,0.9620651310565423,0.23121739443185715,0.020817640028336148,0.39554214516219666,0.7866998551257366,8.000000000000002e-07,2.4000000000000003e-07
38,0.7294718074136316,0.17705156324969407,0.013716923603167131,0.3067840627799741,0.8302826957702643,0.9693411092229064,0.23545415101841813,0.021495241094081803,0.3909566000738112,0.7827439123296482,8.000000000000002e-07,2.4000000000000003e-07
39,0.729097632010778,0.17314571473333587,0.013364117373608882,0.31598561612299353,0.8337782293028313,1.0180143736263005,0.2449960014824349,0.022813069509631172,0.41395702207902574,0.7761756164186138,8.000000000000002e-07,2.4000000000000003e-07
40,0.7308412392106328,0.1774962206549114,0.013728860780596734,0.30720449360682506,0.8302601891623607,1.018919810652732,0.23911367996916205,0.02163131021912775,0.4325358999557726,0.7795143214298447,8.000000000000002e-07,2.4000000000000003e-07
41,0.7427025426063272,0.1779993620051279,0.013833844844251845,0.31753459444579996,0.8297470826307937,0.9103465765024039,0.22068733396589638,0.017819954630206608,0.3798721357439219,0.7914246502407097,8.000000000000002e-07,2.4000000000000003e-07
42,0.7377938420971237,0.1756909452014501,0.013605464421626612,0.3183846282800141,0.8316527520418169,0.9769846955297682,0.23774433911590442,0.01947685042744811,0.404111769027326,0.7767513102176143,8.000000000000002e-07,2.4000000000000003e-07
43,0.7234491428633529,0.1749268034034305,0.013506673086848525,0.30606217021790033,0.8324748934772281,0.991874046318246,0.23216248961055982,0.01966116056443854,0.42924326731127804,0.7830806506827553,8.000000000000002e-07,2.4000000000000003e-07
44,0.722929734100898,0.17286685196558635,0.012995890258914893,0.31221657919878565,0.8338418932490871,0.9811702943050077,0.234594597801593,0.01981537410600937,0.41290422800493387,0.7816476184150966,8.000000000000002e-07,2.4000000000000003e-07
45,0.7434636344677875,0.17557004106044757,0.01401989216895567,0.3222240909678449,0.832376201430957,1.028551293301285,0.24643742475067673,0.022117607946276884,0.42508840321193003,0.7737307759423521,8.000000000000002e-07,2.4000000000000003e-07
46,0.7186949396431437,0.17373360089461012,0.013272663021253213,0.30486442128439556,0.8332328151464462,0.9866026600626908,0.23772197127767222,0.02117406768946777,0.40528838019220426,0.7807635422165166,8.000000000000002e-07,2.4000000000000003e-07
47,0.738257392171357,0.17652136801348797,0.013598694591472553,0.31722118419631257,0.8313025251494515,0.8948656709170807,0.21748112245677004,0.01743021004778498,0.3727523760501552,0.793879776024351,8.000000000000002e-07,2.4000000000000003e-07
48,0.7184498614139023,0.1729566769732369,0.013058035391900275,0.307246330347145,0.8336763282285803,0.992811280085229,0.23895871309885586,0.021181725076799832,0.4089852274128248,0.7781480824352378,8.000000000000002e-07,2.4000000000000003e-07
49,0.7290606880784045,0.17369306675593063,0.013409202173352251,0.31462854351377534,0.8332790145344193,0.9317983104955286,0.22403747921746475,0.01894472491945706,0.3889997305486305,0.7909757267291957,8.000000000000002e-07,2.4000000000000003e-07
50,0.7371713659962017,0.17731652438640594,0.013686122317694954,0.31410770430540075,0.8302956029838984,0.9697602560972785,0.23927977373043277,0.02153855247784957,0.3835079435748006,0.7801322127939759,8.000000000000002e-07,2.4000000000000003e-07
