sequence,target,view,auc,precision,normalized_precision,mean_iou,frame_count
md3001-1,md3001,A,0.7596241561758803,0.9514687100893997,0.9980842911877394,0.8150616734175877,1566
md3002-1,md3002,A,0.26608031272210375,0.2966417910447761,0.621268656716418,0.4020766813156951,536
md3003-1,md3003,A,0.03833333333333334,0.0425,0.9625,0.3645990313635322,400
md3004-1,md3004,A,0.019855699855699856,0.02181818181818182,0.8581818181818182,0.1253887379838979,825
md3006-1,md3006,A,0.21313570150779454,0.590339892665474,0.37209302325581395,0.29680162353049466,559
md3007-1,md3007,A,0.08774692241626109,0.11222444889779559,0.6783567134268537,0.2064013750279537,998
md3009-1,md3009,A,0.30198095238095235,0.448,0.4944,0.3468364184967129,1250
md3010-1,md3010,A,0.007307394502516455,0.009146341463414634,0.9298780487804879,0.09352272963171267,984
md3011-1,md3011,A,0.12110389610389609,0.16818181818181818,0.37727272727272726,0.15944229490945594,880
md3012-1,md3012,A,0.859798899639537,1.0,1.0,0.878995663808233,753
md3014-1,md3014,A,0.6880748007357449,1.0,0.8905579399141631,0.7005470374873486,932
md3015-1,md3015,A,0.7731265498255789,1.0,1.0,0.7870240263968445,1133
md3021-1,md3021,A,0.7125422251280374,0.9702517162471396,0.9359267734553776,0.7372701332328934,874
md3022-1,md3022,A,0.673354735152488,1.0,0.9370786516853933,0.6830922803738572,890
md3023-1,md3023,A,0.6327718860469952,1.0,0.990174672489083,0.6389773212318725,916
md3024-1,md3024,A,0.8242862887012465,0.9300361881785284,1.0,0.9030251592807453,829
md3025-1,md3025,A,0.12685714285714286,0.144,1.0,0.8976509631698915,250
md3028-1,md3028,A,0.4935939481394026,0.8466483011937558,0.7465564738292011,0.5041544023486081,1089
md3029-1,md3029,A,0.8366429559375619,1.0,0.9989626556016598,0.8543120425672467,964
md3033-1,md3033,A,0.7305868405453467,0.8817427385892116,0.9004149377593361,0.7601230743358456,482
md3037-1,md3037,A,0.022010852996768488,0.02560819462227913,0.7925736235595391,0.09629894029333756,781
md3039-1,md3039,A,0.6283199748546283,0.7244224422442245,1.0,0.8854474009775354,606
md3041-1,md3041,A,0.1263331831155175,0.19558359621451105,0.3028391167192429,0.14983396876037242,317
md3042-1,md3042,A,0.08203842940685047,0.12456140350877193,0.39649122807017545,0.11656024416415277,570
md3043-1,md3043,A,0.4125208125208125,0.7727272727272727,0.45874125874125876,0.5318018825912023,1430
md3045-1,md3045,A,0.5420035938903863,0.8805031446540881,0.8207547169811321,0.5477040016650935,636
md3046-1,md3046,A,0.5550174872208771,0.9180790960451978,0.8771186440677966,0.5599021605776191,708
md3047-1,md3047,A,0.5349626612355737,0.780040733197556,0.6232179226069247,0.5394660359708016,491
md3049-1,md3049,A,0.38868447715032256,0.5699888017917133,0.4916013437849944,0.3941720296204058,893
md3052-1,md3052,A,0.2153998514483783,0.2530329289428076,0.2530329289428076,0.22075205930168834,577
md3053-1,md3053,A,0.4618689581095596,0.9802631578947368,0.22650375939849623,0.46081088832516276,1064
md3056-1,md3056,A,0.7994741454864154,1.0,0.9950920245398773,0.8148046781923282,815
md3057-1,md3057,A,0.7436507936507936,0.9629629629629629,0.9629629629629629,0.7564946127345786,540
md3061-1,md3061,A,0.30807159743329954,0.4553191489361702,0.42411347517730497,0.3121323985966367,705
md3063-1,md3063,A,0.704673721340388,0.9092592592592592,0.8648148148148148,0.716493243127183,540
md3001-2,md3001,B,0.6903849662470352,1.0,0.8984674329501916,0.7003192751765304,1566
md3002-2,md3002,B,0.736407249466951,0.914179104477612,1.0,0.8224123983257703,536
md3003-2,md3003,B,0.13380952380952382,0.1675,1.0,0.7781093105380843,400
md3004-2,md3004,B,0.3281385281385281,0.40484848484848485,0.8909090909090909,0.6530963516072212,825
md3006-2,md3006,B,0.27898458131016274,0.35241502683363146,0.8765652951699463,0.5979257627906694,559
md3007-2,md3007,B,0.15077774596812674,0.20440881763527055,0.4148296593186373,0.1959463744865199,998
md3009-2,md3009,B,0.021333333333333333,0.0296,0.8872,0.15733104531361733,1250
md3010-2,md3010,B,0.0,0.0,0.9949186991869918,0.0,984
md3011-2,md3011,B,0.2106060606060606,0.2806818181818182,0.44886363636363635,0.2574805892497095,880
md3012-2,md3012,B,0.8881300196041233,1.0,1.0,0.9078610990585271,753
md3014-2,md3014,B,0.7282853055385244,1.0,0.8540772532188842,0.7392044687599346,932
md3015-2,md3015,B,0.744336569579288,1.0,1.0,0.757292528940977,1133
md3021-2,md3021,B,0.5955105154189821,0.8810068649885584,0.88558352402746,0.6668035731266824,874
md3022-2,md3022,B,0.7990904226859282,1.0,0.9921348314606742,0.8148972695246829,890
md3023-2,md3023,B,0.7386150966936993,1.0,0.9759825327510917,0.7487188809211088,916
md3024-2,md3024,B,0.8395083003044402,1.0,1.0,0.8558822169747868,829
md3025-2,md3025,B,0.8598095238095237,1.0,1.0,0.8803103343987654,250
md3028-2,md3028,B,0.7169968079058988,1.0,0.9292929292929293,0.7270164997031646,1089
md3029-2,md3029,B,0.8900908911282356,1.0,1.0,0.909570470435668,964
md3033-2,md3033,B,0.5537443193044853,0.7033195020746889,0.9273858921161826,0.756620334758855,482
md3037-2,md3037,B,0.304310712761417,0.43405889884763127,0.44302176696542894,0.31284164107789436,781
md3039-2,md3039,B,0.2157001414427157,0.27722772277227725,0.46864686468646866,0.27155261011731174,606
md3041-2,md3041,B,0.028090731560763107,0.0473186119873817,0.637223974763407,0.07245233150805676,317
md3042-2,md3042,B,0.01804511278195489,0.02280701754385965,0.7105263157894737,0.059131885268436865,570
md3043-2,md3043,B,0.4820845820845821,1.0,0.3503496503496504,0.4819609703855762,1430
md3045-2,md3045,B,0.05518119197364481,0.07389937106918239,0.06289308176100629,0.056146257057070534,636
md3046-2,md3046,B,0.7466370729082593,1.0,0.9774011299435028,0.7586844689939034,708
md3047-2,md3047,B,0.2256813112210261,0.14663951120162932,0.2769857433808554,0.22639800592536227,491
md3049-2,md3049,B,0.08483975897189781,0.10638297872340426,0.1019036954087346,0.08670381852429028,893
md3052-2,md3052,B,0.3717091689362053,0.5909878682842288,0.6689774696707106,0.5003997426670631,577
md3053-2,md3053,B,0.5788131041890441,0.9906015037593985,0.37875939849624063,0.5901903235274104,1064
md3056-2,md3056,B,0.7846917908267602,1.0,0.9828220858895705,0.7989103407386278,815
md3057-2,md3057,B,0.2455908289241623,0.3962962962962963,0.6240740740740741,0.338955404710168,540
md3061-2,md3061,B,0.5747382640999662,1.0,0.873758865248227,0.5798592501965323,705
md3063-2,md3063,B,0.7581128747795414,0.9259259259259259,0.9629629629629629,0.8239417290955243,540
md3001-3,md3001,C,0.24472419874718723,0.41890166028097064,0.4118773946360153,0.31293972394086966,1566
md3002-3,md3002,C,0.222636815920398,0.2555970149253731,0.835820895522388,0.5426851443348005,536
md3003-3,md3003,C,0.0,0.0,1.0,nan,400
md3004-3,md3004,C,0.5209812409812409,0.6654545454545454,0.9987878787878788,0.7966854901552651,825
md3006-3,md3006,C,0.09549365363318853,0.11270125223613596,0.5313059033989267,0.16672445898673333,559
md3007-3,md3007,C,0.15306804084359196,0.19939879759519039,0.6743486973947895,0.3140039175396374,998
md3009-3,md3009,C,0.1587047619047619,0.212,0.4768,0.22424828029698743,1250
md3010-3,md3010,C,0.07108981804103755,0.08333333333333333,1.0,0.8721353998620298,984
md3011-3,md3011,C,0.026028138528138525,0.03409090909090909,0.5693181818181818,0.057163806651164224,880
md3012-3,md3012,C,0.8330487573515462,1.0,1.0,0.850479404804834,753
md3014-3,md3014,C,0.7723789086450031,1.0,0.9839055793991416,0.7870911271302741,932
md3015-3,md3015,C,0.7898121296179548,1.0,1.0,0.8043105375512677,1133
md3021-3,md3021,C,0.7381497221314154,1.0,0.9610983981693364,0.7503523615511335,874
md3022-3,md3022,C,0.8004280363830926,1.0,0.9955056179775281,0.8168336971760487,890
md3023-3,md3023,C,0.6683302141817427,1.0,0.9781659388646288,0.6768099050341391,916
md3024-3,md3024,C,0.8335343787696019,1.0,0.9879372738238842,0.8511041621083556,829
md3025-3,md3025,C,0.8020952380952382,1.0,0.992,0.8171830604772606,250
md3028-3,md3028,C,0.5918929555293191,0.8870523415977961,0.8071625344352618,0.5995156923805257,1089
md3029-3,md3029,C,0.8180201541197392,1.0,1.0,0.8351253325751997,964
md3033-3,md3033,C,0.8167358229598894,0.970954356846473,1.0,0.8583679447075998,482
md3037-3,md3037,C,0.8243399792695568,0.9526248399487837,1.0,0.8837955418891799,781
md3039-3,md3039,C,0.17350306459217352,0.20957095709570958,0.6501650165016502,0.31621744811758534,606
md3041-3,md3041,C,0.0644434429923389,0.0914826498422713,0.2555205047318612,0.07929344486910025,317
md3042-3,md3042,C,0.13684210526315793,0.23333333333333334,0.17192982456140352,0.13769364670348308,570
md3043-3,md3043,C,0.5448218448218447,0.8972027972027972,0.44685314685314687,0.54683529570502,1430
md3045-3,md3045,C,0.7872117400419286,1.0,0.9842767295597484,0.8024380750753749,636
md3046-3,md3046,C,0.7582055421038472,1.0,0.998587570621469,0.771310434607343,708
md3047-3,md3047,C,0.8256231209388032,1.0,1.0,0.8412132604246862,491
md3049-3,md3049,C,0.10670292753159494,0.14893617021276595,0.40313549832026874,0.14955050195515407,893
md3052-3,md3052,C,0.6854832054138813,0.9150779896013865,0.9982668977469671,0.7627976941558269,577
md3053-3,md3053,C,0.46750805585392047,0.9849624060150376,0.36466165413533835,0.4675083158552286,1064
md3056-3,md3056,C,0.25381244522348817,0.3006134969325153,0.4699386503067485,0.31235265495310727,815
md3057-3,md3057,C,0.39753086419753086,0.5611111111111111,0.6259259259259259,0.46306377415398153,540
md3061-3,md3061,C,0.7526511313745355,1.0,0.948936170212766,0.766039743063596,705
md3063-3,md3063,C,0.7550264550264549,0.8592592592592593,0.9055555555555556,0.8149857714244441,540
