filename,rows,bytes,sha256
train_sampling_epoch_0001.jsonl,18000,2681699,a6f741d421e1e2ae9d3111ae0fd8e5d4a1380f7a6e729be4d7001f132acce188
train_sampling_epoch_0002.jsonl,18000,2681959,10ed1d09ffd1a97e1484295f6a82977dd0767b726aa4f0e61a7af3d4b5e94c8e
train_sampling_epoch_0003.jsonl,18000,2681767,e3c43e75d5f6345df24546d4e95bc3449458107bbb47028126f27018c9a61cca
train_sampling_epoch_0004.jsonl,18000,2681956,bded451b0c156e8ca5f645440031468eafd982759522c7c6f54a11823962b6cc
train_sampling_epoch_0005.jsonl,18000,2681713,f7522b2b9818a0823b7ba3ee6789b43cd030f12821cc183ea3cbc7a0b467fa74
train_sampling_epoch_0006.jsonl,18000,2681699,897c8968b9f3d0f46a961a0b8f76aeb885fe5f40e1344061ef0eea8295d66fda
train_sampling_epoch_0007.jsonl,18000,2681844,294356e0d123a72545882216d4609d19178334344e82c468dfd7e288d55b81c4
train_sampling_epoch_0008.jsonl,18000,2681473,fe577453102f1aa975b5b964cbf416fea4ada21854ab41bda93076335032a731
train_sampling_epoch_0009.jsonl,18000,2682017,fd849ee5ad8ad1a938a3e1e43395e2dc29f1169422d9f02bd5c81799c4d252fc
train_sampling_epoch_0010.jsonl,18000,2681894,71f4ebe1ff5299c06f0de9b938673d3fbd6245eb11ca496ea8e34f8d85e9d000
train_sampling_epoch_0011.jsonl,18000,2681890,d8c5450ba4bfefea59ed50e235973d603485e3bdea78e56f032538010a2ae999
train_sampling_epoch_0012.jsonl,18000,2681928,5cc3b729688df4c53d3d268f712d46b546323565335aabaef513b062771e2030
train_sampling_epoch_0013.jsonl,18000,2681597,d0ec58f80d410b8b07febac20bd8580ece1c939f621f369d23dda3d1ea70cae4
train_sampling_epoch_0014.jsonl,18000,2681966,d2344e67297eda366c65e3c5a4cfbe33fe59a8984f72dbbf644510b7f71ae1b7
train_sampling_epoch_0015.jsonl,18000,2681867,a115bc1685fb9aea093a1fc2fe00628f90c39b767fd97efc64caa39d57ff8ddd
train_sampling_epoch_0016.jsonl,18000,2682206,960e6d5d7480fafaad646c4b4e4c1deb5a0d8c88bea5d8cfd2d7b8d40b061182
train_sampling_epoch_0017.jsonl,18000,2681808,7bc8764ea731390456d1cadcd3239ef8bbc454b37f5f3b0eabe4a1d94bc099f9
train_sampling_epoch_0018.jsonl,18000,2681949,201355abe030e662b5efb132921711f20339706ffb7bffb6a6ac1ad25eec8d35
train_sampling_epoch_0019.jsonl,18000,2681847,d6af07507c1452fedc7fa2beb90ab9066273fae0a241b96012d97044650ea4dd
train_sampling_epoch_0020.jsonl,18000,2681791,411c530153a989869d2d9be4c7ba0824997775bc567af368d7025fc90f562d02
train_sampling_epoch_0021.jsonl,18000,2681916,e87a7c6cd560c2fbcf9b1249c44656cfdfb42176571c0efe3f088558d90835d8
train_sampling_epoch_0022.jsonl,18000,2681541,b168eabdeb8e05e642c81dfc080b4ae97f54a98d3ceba05baf6b0686705a9537
train_sampling_epoch_0023.jsonl,18000,2682066,a984182a431e497b06bf45b1ccaf955c5dd610c94e209f3af43c61fe3aaf1abf
train_sampling_epoch_0024.jsonl,18000,2681847,d292c6eb76ae5d2451925f5f96650dd497c192055b07c6459b44e75ed4a38bd7
train_sampling_epoch_0025.jsonl,18000,2681689,2e1212b17020b905dae897ba206edbf524e2ff25708a163e3e1d829aed16599c
val_sampling_epoch_0001.jsonl,4488,670054,b88cbeb0a86592150cdc756358dd097301fe6261f3f94e2fd6ad17931172948a
val_sampling_epoch_0002.jsonl,4488,670280,ddd996f7a7b1851c05bddd5a5cd334206e66705500a6482eefd25ea77c9c618c
val_sampling_epoch_0003.jsonl,4488,670031,10f97ead8acd72639b35c383eddec7a3a361a5f5938c7b79535bc48017a9599d
val_sampling_epoch_0004.jsonl,4488,670153,f1afb831ce4a6e8dac17acd30f9b1b2986c3c01ba34cecf56570254e2a6e11da
val_sampling_epoch_0005.jsonl,4488,670232,137c0e64d1a68ce6b7a5e53d4f232d13ed44b649d67cbfde2416e957d56ff09f
val_sampling_epoch_0006.jsonl,4488,670002,973ef2ab8d9fd68a552115391fb4ca882128c1d6373c493b8c124d7d4d6dc92d
val_sampling_epoch_0007.jsonl,4488,670129,2390142ac6c1ba19d6042817db23492eaa4af853b1deb07e553bfb9bdf112fa4
val_sampling_epoch_0008.jsonl,4488,670096,bc0283c52d61b6fbbc83b95b2193be59d1def12eb62e95c0385443ab13b66fb0
val_sampling_epoch_0009.jsonl,4488,670214,9853b9e47ab7c7b0db51a57840fa94c3b248be4b87d26a0d281b76011de15ad7
val_sampling_epoch_0010.jsonl,4488,670106,dd0f2d855272a3c4735eea98c9312bcd5e741925c4723fe51cafb39034709aa5
val_sampling_epoch_0011.jsonl,4488,670074,439b7c8ee9090e8aaca4611e386f1f605a21bf13247b91272de186c9bdb02ad1
val_sampling_epoch_0012.jsonl,4488,669966,de254a2ddce9ed546d97fe2f787c6fc0b701e40bb265e60286d7b1abcc62436a
val_sampling_epoch_0013.jsonl,4488,669951,b31a25931b1ce0a3372a47564a2128f120ef289c810807c0ba6e9a7349a699d6
val_sampling_epoch_0014.jsonl,4488,670128,d350ff52816ec176fa9759fd0016cd82961b54a0dc642be0106e104b916b89fe
val_sampling_epoch_0015.jsonl,4488,670161,04ab43a061a376c01f6577a4bf00b536007bde4707ebca3988348be320c443ca
val_sampling_epoch_0016.jsonl,4488,670127,b4efe62c7b2cf9a03b20eb1a83a6dbd128187eca2318861f535cad66f02e6fa7
val_sampling_epoch_0017.jsonl,4488,670138,0ce6f4e5040d4b5a5f6a01a55aaa911f989a6091ad0de51b8e85171496a74d5a
val_sampling_epoch_0018.jsonl,4488,670016,05cdb79e7486f7a0bc522bcc89f3241978d1436ce5877dcf5f2cf9004c445ef2
val_sampling_epoch_0019.jsonl,4488,670076,25486da65c76ded9f80b4de94b85e8581561dc32264aa6709ce73f5e4ad70cc3
val_sampling_epoch_0020.jsonl,4488,670067,cf9865737bdedce14d4623f877660a4222b115f45246ed85c2bdbd871a2d4314
val_sampling_epoch_0021.jsonl,4488,670083,ccb71273c4838f07c39d2cb5fe71cb1af3eedca0b5f5198fef93ee0887fc867f
val_sampling_epoch_0022.jsonl,4488,670093,02395da53f740a27f3c332c75f96c9b078547cdb0a9dde50c5e369a4fd4607cb
val_sampling_epoch_0023.jsonl,4488,670052,8a592a758f8cf81ba15f5e50f133fa36a7dd3eb7d2129a7fb2ccff5c185f2577
val_sampling_epoch_0024.jsonl,4488,670104,567f5c3dcf2001cd827ec74e7d75206eb543a263a1c71aa08f3df7c4c5a95bc6
val_sampling_epoch_0025.jsonl,4488,670095,7cef69180edb94be573aaa4606d37cc3d34b40c70d72859ea73f4e08036f3ed2
