target_id,selected_candidate,feature,sample_count_each,wasserstein_selected_natural,wasserstein_clean_natural,wasserstein_p100_natural,normalized_distance_selected,normalized_distance_p100,selected_closer_than_clean,d_source_selected,d_source_p100,split
md3005,P50,max_score,420,0.029287889564321153,0.1736291018270311,0.0840136836859442,0.16868076408832086,0.48386867639938935,True,0.4383845726356026,0.5401474067513675,train
md3005,P50,apce,420,10.681492174239386,81.42063168571109,9.963930150440762,0.13118901134875136,0.1223759868248389,True,0.4383845726356026,0.5401474067513675,train
md3005,P50,score_entropy,420,0.04156648218631744,0.08897497121776854,0.029990579400743757,0.4671705044345025,0.33706759316621715,True,0.4383845726356026,0.5401474067513675,train
md3005,P50,prompt_topk_score_mean,420,0.018911822743359067,0.04395311496087483,0.06025653053075075,0.43027263846403796,1.370927420798676,True,0.4383845726356026,0.5401474067513675,train
md3005,P50,prompt_top1_top8_gap,420,0.03593090346881322,0.2435450030224664,0.047233253411416494,0.14753291187563866,0.19394055646818345,True,0.4383845726356026,0.5401474067513675,train
md3005,P50,prompt_norm_mean,420,0.024952688671293712,0.05343476704188756,0.03591593333653041,0.4669747816298386,0.6721454087692333,True,0.4383845726356026,0.5401474067513675,train
md3005,P50,prompt_pairwise_cos_mean,420,0.03933315475781759,0.031294494299661545,0.018798796903519405,1.2568713966081284,0.6007062048330339,False,0.4383845726356026,0.5401474067513675,train
md3017,P50,max_score,10,0.08074239194393158,0.22930774986743926,0.22916272282600403,0.3521136638000936,0.9993675440864147,True,0.5286344160871373,0.9669303152761353,train
md3017,P50,apce,10,37.059090042114256,94.32805061340332,96.41690769195557,0.39287454581244197,1.0221446013669069,True,0.5286344160871373,0.9669303152761353,train
md3017,P50,score_entropy,10,0.062499123811721805,0.1651623785495758,0.1722442090511322,0.3784101704044145,1.0428779880909005,True,0.5286344160871373,0.9669303152761353,train
md3017,P50,prompt_topk_score_mean,10,0.023630081117153166,0.05251215100288391,0.018859565258026123,0.4499926334269841,0.35914669076555694,True,0.5286344160871373,0.9669303152761353,train
md3017,P50,prompt_top1_top8_gap,10,0.1120019644498825,0.2980645358562469,0.29706463366746905,0.3757641415734343,0.9966453500182365,True,0.5286344160871373,0.9669303152761353,train
md3017,P50,prompt_norm_mean,10,0.09614419937133789,0.1696554183959961,0.19303302764892577,0.5667027925177084,1.1377946514930972,True,0.5286344160871373,0.9669303152761353,train
md3017,P50,prompt_pairwise_cos_mean,10,0.15704367458820342,0.1325729638338089,0.16048426330089569,1.184582965074885,1.2105353811118333,False,0.5286344160871373,0.9669303152761353,train
md3018,P50,max_score,5,0.08959885835647582,0.12665367126464844,0.217060786485672,0.7074319872540261,1.7138136172176177,True,1.0038308044685025,1.6467350473844244,train
md3018,P50,apce,5,29.224366760253908,72.2765899658203,64.97585525512696,0.4043406969542109,0.8989889435272642,True,1.0038308044685025,1.6467350473844244,train
md3018,P50,score_entropy,5,0.04722127914428711,0.17702094316482545,0.06598532199859619,0.2667553245383643,0.37275432397162206,True,1.0038308044685025,1.6467350473844244,train
md3018,P50,prompt_topk_score_mean,5,0.007128220796585083,0.06446118652820587,0.018490475416183472,0.11058159460585558,0.2868466500815318,True,1.0038308044685025,1.6467350473844244,train
md3018,P50,prompt_top1_top8_gap,5,0.08831987380981446,0.19538095593452454,0.2676382213830948,0.45203931666175234,1.3698275766007362,True,1.0038308044685025,1.6467350473844244,train
md3018,P50,prompt_norm_mean,5,0.15896205902099608,0.04635429382324219,0.17595882415771485,3.4292844504053845,3.7959552317824894,False,1.0038308044685025,1.6467350473844244,train
md3018,P50,prompt_pairwise_cos_mean,5,0.07014434337615967,0.042347919940948484,0.13081098794937135,1.6563822608599237,3.0889589885097095,False,1.0038308044685025,1.6467350473844244,train
md3019,P50,max_score,8,0.11105165258049965,0.12137262523174286,0.3445161543786526,0.9149645759704725,2.838499651119946,True,1.1816153218023886,3.9706368538920427,train
md3019,P50,apce,8,52.152878284454346,48.93177795410156,136.30058574676514,1.0658283934291768,2.7855228533615413,False,1.1816153218023886,3.9706368538920427,train
md3019,P50,score_entropy,8,0.05450498312711716,0.0740068256855011,0.21491436660289764,0.7364858933148231,2.9039803370744783,True,1.1816153218023886,3.9706368538920427,train
md3019,P50,prompt_topk_score_mean,8,0.029744451865553856,0.0254047941416502,0.029989631846547127,1.1708204246228522,1.180471358207142,False,1.1816153218023886,3.9706368538920427,train
md3019,P50,prompt_top1_top8_gap,8,0.1577465422451496,0.1371072754263878,0.4547545351088047,1.1505337098518336,3.3167790235146444,False,1.1816153218023886,3.9706368538920427,train
md3019,P50,prompt_norm_mean,8,0.0979771614074707,0.04746651649475098,0.3155897855758667,2.064132121771381,6.64868224749792,False,1.1816153218023886,3.9706368538920427,train
md3019,P50,prompt_pairwise_cos_mean,8,0.03435160219669342,0.02939697355031967,0.23871878534555435,1.1685421336561814,8.120522506468626,False,1.1816153218023886,3.9706368538920427,train
md3020,P50,max_score,59,0.16529827097714958,0.10914122856269448,0.43794367714958676,1.5145355531771572,4.012632832825445,False,2.047079087244558,8.997364661906268,train
md3020,P50,apce,59,51.220891015004305,17.869492870266154,149.0350170135498,2.8663875011377726,8.34019286924071,False,2.047079087244558,8.997364661906268,train
md3020,P50,score_entropy,59,0.06961627834934299,0.14462184931262065,0.386614427728168,0.4813676403651578,2.6732781357938022,True,2.047079087244558,8.997364661906268,train
md3020,P50,prompt_topk_score_mean,59,0.010757452855675908,0.019593934133901435,0.05531343893479493,0.5490195476626788,2.822987897885632,True,2.047079087244558,8.997364661906268,train
md3020,P50,prompt_top1_top8_gap,59,0.177262231960135,0.11847854670831713,0.5137844689948073,1.4961546784924828,4.336519000822648,False,2.047079087244558,8.997364661906268,train
md3020,P50,prompt_norm_mean,59,0.09428321709067135,0.022783247091002382,0.32286110570875265,4.1382695236522125,14.170987322614202,False,2.047079087244558,8.997364661906268,train
md3020,P50,prompt_pairwise_cos_mean,59,0.028529470249757927,0.008687893212851832,0.23131476216397043,3.283819166224444,26.624954574161436,False,2.047079087244558,8.997364661906268,train
md3026,P50,max_score,172,0.1393101955222529,0.10167464440645174,0.5567488494155886,1.3701567026286334,5.475788508140426,False,1.7177295904303673,7.034857671763774,train
md3026,P50,apce,172,31.698213266771894,13.697205166484034,104.6271509680637,2.3142102992172866,7.638576607151241,False,1.7177295904303673,7.034857671763774,train
md3026,P50,score_entropy,172,0.06386705544279066,0.12629647713241188,0.4268328007310629,0.5056915037727093,3.379609712155176,True,1.7177295904303673,7.034857671763774,train
md3026,P50,prompt_topk_score_mean,172,0.0072471542760383255,0.010684868234188058,0.05009603571839804,0.6782633268393106,4.6885029010857355,True,1.7177295904303673,7.034857671763774,train
md3026,P50,prompt_top1_top8_gap,172,0.1430627681141676,0.10897312642529954,0.5883147056203683,1.3128261325137212,5.3987136545839665,False,1.7177295904303673,7.034857671763774,train
md3026,P50,prompt_norm_mean,172,0.0931979168293088,0.025964736938476562,0.30587954853856286,3.5894034685023706,11.780575680453216,False,1.7177295904303673,7.034857671763774,train
md3026,P50,prompt_pairwise_cos_mean,172,0.03417484600876653,0.015164855261181677,0.16502754355585852,2.2535556995385395,10.882236638776662,False,1.7177295904303673,7.034857671763774,train
md3030,P50,max_score,152,0.11572413528828245,0.33309630314378363,0.09231137582346012,0.34741945255988566,0.277131192847061,True,0.5251659801924057,0.31777446446605856,train
md3030,P50,apce,152,51.589938270418266,127.79322270970596,16.949774999367563,0.40369854657792886,0.1326343810725425,True,0.5251659801924057,0.31777446446605856,train
md3030,P50,score_entropy,152,0.1505703157500217,0.26192939850060565,0.015779664053728704,0.5748507674639611,0.060243959418064236,True,0.5251659801924057,0.31777446446605856,train
md3030,P50,prompt_topk_score_mean,152,0.016570296432626874,0.03805008560026947,0.029848058462927218,0.4354864429549151,0.7844412960251368,True,0.5251659801924057,0.31777446446605856,train
md3030,P50,prompt_top1_top8_gap,152,0.160156059520025,0.4146399846006381,0.08704940788447857,0.3862532931402976,0.2099397335452599,True,0.5251659801924057,0.31777446446605856,train
md3030,P50,prompt_norm_mean,152,0.06420616727126272,0.11467247887661583,0.04269817000941226,0.5599091246626553,0.37234888813192807,True,0.5251659801924057,0.31777446446605856,train
md3030,P50,prompt_pairwise_cos_mean,152,0.08134265165579946,0.08398444676085522,0.032559241511319816,0.9685442339871954,0.3876818002224175,True,0.5251659801924057,0.31777446446605856,train
md3031,P50,max_score,232,0.15038875862956047,0.14784669298036346,0.441000928732984,1.0171939297182484,2.9828257896074386,False,1.4456044541445983,6.826512455516389,train
md3031,P50,apce,232,41.00046519575448,38.90869334648396,97.8620925895099,1.053761040769016,2.5151729388093376,False,1.4456044541445983,6.826512455516389,train
md3031,P50,score_entropy,232,0.07042412132281682,0.17698396347334672,0.3046389987114175,0.39791244325378994,1.7212802376616114,True,1.4456044541445983,6.826512455516389,train
md3031,P50,prompt_topk_score_mean,232,0.01105607044080208,0.01915226574858715,0.02905210012024076,0.5772721925101947,1.5169014726556316,True,1.4456044541445983,6.826512455516389,train
md3031,P50,prompt_top1_top8_gap,232,0.16721416939178418,0.1641977866790418,0.4752344536306015,1.018370422480908,2.8942805091316504,False,1.4456044541445983,6.826512455516389,train
md3031,P50,prompt_norm_mean,232,0.08244631619289003,0.033004916947463464,0.28113634010841104,2.498001019715588,8.518013862825347,False,1.4456044541445983,6.826512455516389,train
md3031,P50,prompt_pairwise_cos_mean,232,0.026385882162842256,0.007418599493544677,0.20502866791753932,3.556720130564443,27.637112377923714,False,1.4456044541445983,6.826512455516389,train
md3032,P50,max_score,117,0.11077931523323059,0.14267296057481033,0.45394704541844183,0.776456273046687,3.1817314478256287,True,0.8029696035116579,3.0583628837987407,train
md3032,P50,apce,117,32.40275322677743,33.7920531248435,129.8791623441582,0.958886786401101,3.843482426602508,True,0.8029696035116579,3.0583628837987407,train
md3032,P50,score_entropy,117,0.032368065709741704,0.15533330883735266,0.2870205831833375,0.20837813828729726,1.847772286123287,True,0.8029696035116579,3.0583628837987407,train
md3032,P50,prompt_topk_score_mean,117,0.00841797875542926,0.02417599046841646,0.0354372448900826,0.3481958170887899,1.4658032288237395,True,0.8029696035116579,3.0583628837987407,train
md3032,P50,prompt_top1_top8_gap,117,0.12365189067318909,0.1613528583294306,0.4920343353261805,0.7663445937844211,3.0494305487824414,True,0.8029696035116579,3.0583628837987407,train
md3032,P50,prompt_norm_mean,117,0.05045886732574202,0.06733526735224275,0.1775308103642912,0.749367594562792,2.6365204645725906,True,0.8029696035116579,3.0583628837987407,train
md3032,P50,prompt_pairwise_cos_mean,117,0.03641459473177918,0.020083519638094127,0.10812564869212289,1.8131580214105176,5.383799783860989,False,0.8029696035116579,3.0583628837987407,train
md3036,P50,max_score,6,0.21677172183990479,0.09664364655812581,0.39640240371227264,2.2430002339293518,4.101691294003034,False,1.9243199930009942,2.6756156518806553,train
md3036,P50,apce,6,70.50964609781902,12.7044677734375,62.96939214070638,5.549988189606418,4.956476199054778,False,1.9243199930009942,2.6756156518806553,train
md3036,P50,score_entropy,6,0.07419922947883606,0.14562093963225684,0.25666049122810364,0.5095368129453443,1.7625246195670587,True,1.9243199930009942,2.6756156518806553,train
md3036,P50,prompt_topk_score_mean,6,0.01683717469374339,0.020113085707028706,0.03533840676148733,0.8371253888219825,1.7569858386960986,True,1.9243199930009942,2.6756156518806553,train
md3036,P50,prompt_top1_top8_gap,6,0.23325550059477487,0.10540302594502766,0.4171050786972046,2.2129867572702793,3.9572400787695226,False,1.9243199930009942,2.6756156518806553,train
md3036,P50,prompt_norm_mean,6,0.09328126907348633,0.06475369135538737,0.0561528205871582,1.4405552350690036,0.8671755912432507,False,1.9243199930009942,2.6756156518806553,train
md3036,P50,prompt_pairwise_cos_mean,6,0.02952687939008077,0.04361124833424886,0.05788154403368632,0.6770473333645811,1.327215941830848,True,1.9243199930009942,2.6756156518806553,train
md3038,P50,max_score,351,0.0909548943963146,0.219093365589438,0.35038425414650526,0.41514216622305694,1.5992462994132637,True,0.44162069488886163,1.2430556258428012,train
md3038,P50,apce,351,25.50798505255979,62.771316908703234,95.6950214744633,0.4063637073228697,1.5245023712604902,True,0.44162069488886163,1.2430556258428012,train
md3038,P50,score_entropy,351,0.043634601043500115,0.23651835320257394,0.22641993350113218,0.18448716749665228,0.9573038643062514,True,0.44162069488886163,1.2430556258428012,train
md3038,P50,prompt_topk_score_mean,351,0.007894577973248952,0.036218300504222554,0.019229396604574643,0.21797207111113845,0.5309303953066995,True,0.44162069488886163,1.2430556258428012,train
md3038,P50,prompt_top1_top8_gap,351,0.11032796381545543,0.254677655944797,0.39138290617201066,0.43320629525087395,1.5367775579625589,True,0.44162069488886163,1.2430556258428012,train
md3038,P50,prompt_norm_mean,351,0.053028872889331266,0.11205084167654358,0.11746290266683639,0.47325724729436747,1.0483000476236266,True,0.44162069488886163,1.2430556258428012,train
md3038,P50,prompt_pairwise_cos_mean,351,0.05108105924054768,0.053158702843549246,0.07996817005325926,0.9609162095230733,1.5043288450267178,True,0.44162069488886163,1.2430556258428012,train
md3040,P50,max_score,141,0.14432211146287038,0.33843195353839417,0.07929428222965687,0.42644351383939577,0.23429904121162384,True,0.6125123536000435,0.28999071496541273,train
md3040,P50,apce,141,41.25709590506047,122.51913411566552,25.673881618689137,0.3367400218982198,0.20954997604252754,True,0.6125123536000435,0.28999071496541273,train
md3040,P50,score_entropy,141,0.14699694197228613,0.23548261472519408,0.05538168655219653,0.6242369193292927,0.23518375917725917,True,0.6125123536000435,0.28999071496541273,train
md3040,P50,prompt_topk_score_mean,141,0.034197269126455834,0.029664534150708653,0.017446612265515835,1.1527998030094162,0.5881303301879401,False,0.6125123536000435,0.28999071496541273,train
md3040,P50,prompt_top1_top8_gap,141,0.1649976537054312,0.39293462540029633,0.11118628359432761,0.4199112092423069,0.2829638224953458,True,0.6125123536000435,0.28999071496541273,train
md3040,P50,prompt_norm_mean,141,0.06483174046726091,0.14155174147152733,0.03414981246840024,0.45800736743209614,0.24125321322894572,True,0.6125123536000435,0.28999071496541273,train
md3040,P50,prompt_pairwise_cos_mean,141,0.0782717986309782,0.09002474098340839,0.02147583969941376,0.869447640449577,0.23855486241424692,True,0.6125123536000435,0.28999071496541273,train
md3050,P50,max_score,387,0.18638699977280865,0.1119316657692271,0.4833257377739678,1.665185615618579,4.318042927781822,False,1.9361407219602873,4.70677521651797,train
md3050,P50,apce,387,59.99270012828423,21.904481084463825,139.05040683795625,2.7388322917557026,6.348034737813264,False,1.9361407219602873,4.70677521651797,train
md3050,P50,score_entropy,387,0.08589141436633521,0.14448010676976014,0.3397930932137393,0.5944860942179059,2.3518330710599016,True,1.9361407219602873,4.70677521651797,train
md3050,P50,prompt_topk_score_mean,387,0.022772306754453547,0.014550018064119404,0.03234038966435949,1.565105050216078,2.222704433741477,False,1.9361407219602873,4.70677521651797,train
md3050,P50,prompt_top1_top8_gap,387,0.20130734141790899,0.12415104908074519,0.5531886042978913,1.621471126557791,4.4557706792606595,False,1.9361407219602873,4.70677521651797,train
md3050,P50,prompt_norm_mean,387,0.08396592497517588,0.02035363515218099,0.16656236870344296,4.125352760981038,8.183421165305285,False,1.9361407219602873,4.70677521651797,train
md3050,P50,prompt_pairwise_cos_mean,387,0.02542495488812449,0.020461882115642538,0.103693032834573,1.2425521143749172,5.06761950066338,False,1.9361407219602873,4.70677521651797,train
md3051,P50,max_score,132,0.10933479486089764,0.18510340808918982,0.17606702046186634,0.5906687293819319,0.9511819489356965,True,1.3318745301888952,1.1543512537239256,train
md3051,P50,apce,132,38.03774801528815,67.10147199847482,63.716534806020334,0.566869054916592,0.9495549487717293,True,1.3318745301888952,1.1543512537239256,train
md3051,P50,score_entropy,132,0.07126387840870654,0.1325724380034389,0.10583205588839271,0.5375467139430627,0.7982960672779447,True,1.3318745301888952,1.1543512537239256,train
md3051,P50,prompt_topk_score_mean,132,0.03424138908810688,0.00635982570097302,0.007294704403841134,5.384013759604152,1.1469975351019581,False,1.3318745301888952,1.1543512537239256,train
md3051,P50,prompt_top1_top8_gap,132,0.12891191842429567,0.2194965620609847,0.2195700296962803,0.587307232574748,1.000334709726683,True,1.3318745301888952,1.1543512537239256,train
md3051,P50,prompt_norm_mean,132,0.056270873907840614,0.06622352744593765,0.07153738628734242,0.8497112140836696,1.0802412533017447,True,1.3318745301888952,1.1543512537239256,train
md3051,P50,prompt_pairwise_cos_mean,132,0.025572644490184204,0.03168833436387958,0.06825199226538341,0.8070050068181104,2.153852312951722,True,1.3318745301888952,1.1543512537239256,train
md3054,P50,max_score,12,0.042750039448340736,0.10573928182323773,0.17307623848319054,0.4042966692302756,1.6368206355976753,True,0.6782301409711012,2.079468394607077,train
md3054,P50,apce,12,11.722031275431315,43.72604592641195,60.60548758506775,0.2680789224609619,1.3860271675847708,True,0.6782301409711012,2.079468394607077,train
md3054,P50,score_entropy,12,0.03679088751475016,0.0989520971973737,0.14428482949733734,0.371805030478473,1.4581280597629283,True,0.6782301409711012,2.079468394607077,train
md3054,P50,prompt_topk_score_mean,12,0.016561660915613174,0.019503908852736156,0.028856420268615086,0.8491457297002613,1.4795198483040168,True,0.6782301409711012,2.079468394607077,train
md3054,P50,prompt_top1_top8_gap,12,0.03715170919895172,0.12854608645041785,0.2232491485774517,0.28901470456662,1.7367245844689758,True,0.6782301409711012,2.079468394607077,train
md3054,P50,prompt_norm_mean,12,0.054958343505859375,0.031398932139078774,0.15677722295125326,1.7503252422940998,4.99307499541161,False,0.6782301409711012,2.079468394607077,train
md3054,P50,prompt_pairwise_cos_mean,12,0.055192540089289345,0.06772550443808238,0.1263746718565623,0.8149446880670166,1.8659834711195624,True,0.6782301409711012,2.079468394607077,train
md3060,P50,max_score,130,0.08360668581265669,0.28122430902261003,0.11257216082169459,0.2972953728748874,0.4002931368647924,True,0.3399925316320897,0.5203752012588014,train
md3060,P50,apce,130,21.145796731802132,100.13363462594839,41.65073865743784,0.21117576337653735,0.41595153130139306,True,0.3399925316320897,0.5203752012588014,train
md3060,P50,score_entropy,130,0.1154182622065911,0.2550202245895679,0.055847962315265946,0.4525847406490753,0.2189942480245605,True,0.3399925316320897,0.5203752012588014,train
md3060,P50,prompt_topk_score_mean,130,0.010680798785044597,0.032108345341223934,0.02085758252785756,0.3326486828020646,0.6496000434014546,True,0.3399925316320897,0.5203752012588014,train
md3060,P50,prompt_top1_top8_gap,130,0.09866979895876005,0.3409031034089052,0.15018127772670525,0.2894364937479567,0.4405394853391107,True,0.3399925316320897,0.5203752012588014,train
md3060,P50,prompt_norm_mean,130,0.008775879786564753,0.08550750292264499,0.054227190751295826,0.10263286245654123,0.6341804975841556,True,0.3399925316320897,0.5203752012588014,train
md3060,P50,prompt_pairwise_cos_mean,130,0.029816323060255785,0.04295224455686716,0.037929729773448065,0.6941738055175655,0.8830674662961434,True,0.3399925316320897,0.5203752012588014,train
md3062,P50,max_score,7,0.10280741751194,0.3259157304252897,0.04472139264856066,0.31544171672067023,0.137217656202314,True,0.6330513881670521,0.571013739150156,train
md3062,P50,apce,7,35.26357514517648,111.85732051304409,22.816803795950754,0.31525496036769407,0.2039813191599722,True,0.6330513881670521,0.571013739150156,train
md3062,P50,score_entropy,7,0.052465472902570455,0.10977292060852051,0.03089421136038644,0.4779454952209786,0.2814374546003198,True,0.6330513881670521,0.571013739150156,train
md3062,P50,prompt_topk_score_mean,7,0.018330327102116177,0.016187007938112532,0.021959730557032993,1.1324098419587947,1.3566269096570887,False,0.6330513881670521,0.571013739150156,train
md3062,P50,prompt_top1_top8_gap,7,0.13388447889259883,0.3959707277161734,0.07237568923405238,0.3381171120008329,0.18278040311542307,True,0.6330513881670521,0.571013739150156,train
md3062,P50,prompt_norm_mean,7,0.07934229714529854,0.11129542759486608,0.09370912824358259,0.7128980844873954,0.8419854280434365,True,0.6330513881670521,0.571013739150156,train
md3062,P50,prompt_pairwise_cos_mean,7,0.15685488496507918,0.1376774481364659,0.13672293084008352,1.1392925064129988,0.9930670032725379,False,0.6330513881670521,0.571013739150156,train
md3016,P50,max_score,167,0.13046141749549056,0.3462091882874866,0.13417517576745885,0.3768282931496915,0.38755521316682784,True,0.5135544144523161,0.3559071762092064,val
md3016,P50,apce,167,59.18823264458936,150.26753506117953,23.98603152372166,0.3938856960719508,0.15962217996026815,True,0.5135544144523161,0.3559071762092064,val
md3016,P50,score_entropy,167,0.1744809953752392,0.25562586291821415,0.042390940075149076,0.68256393692989,0.16583196860853613,True,0.5135544144523161,0.3559071762092064,val
md3016,P50,prompt_topk_score_mean,167,0.01941667006401245,0.055909688333551325,0.05584292185163783,0.34728632268216825,0.9988058155052847,True,0.5135544144523161,0.3559071762092064,val
md3016,P50,prompt_top1_top8_gap,167,0.19758574057838874,0.45339962759774605,0.11980005487531958,0.4357871699737038,0.26422618719339,True,0.5135544144523161,0.3559071762092064,val
md3016,P50,prompt_norm_mean,167,0.09933810890791658,0.20422255350444132,0.026548979525080698,0.48642085412603464,0.1300002329290889,True,0.5135544144523161,0.3559071762092064,val
md3016,P50,prompt_pairwise_cos_mean,167,0.10025114427783532,0.11495258850965671,0.044292225095326314,0.8721086282327736,0.3853086361010495,True,0.5135544144523161,0.3559071762092064,val
md3027,P50,max_score,20,0.19106599390506745,0.07346031665802003,0.4622049193829298,2.600941604865882,6.291899360144899,False,3.376211487430585,9.479106429325702,val
md3027,P50,apce,20,49.069575500488284,11.907115936279297,137.98703727722167,4.121029455250042,11.58861961331737,False,3.376211487430585,9.479106429325702,val
md3027,P50,score_entropy,20,0.08266277462244034,0.08757428824901581,0.338568414747715,0.9439160314548765,3.866070983998592,True,3.376211487430585,9.479106429325702,val
md3027,P50,prompt_topk_score_mean,20,0.016360675543546678,0.013301108032464981,0.025961288996040822,1.230023506491637,1.9518140090828073,False,3.376211487430585,9.479106429325702,val
md3027,P50,prompt_top1_top8_gap,20,0.2103253945708275,0.0787064015865326,0.513421642780304,2.6722781162459324,6.523251380121944,False,3.376211487430585,9.479106429325702,val
md3027,P50,prompt_norm_mean,20,0.12501778602600097,0.012046289443969727,0.3418569564819336,10.37811573406994,28.37861052929338,False,3.376211487430585,9.479106429325702,val
md3027,P50,prompt_pairwise_cos_mean,20,0.04342620074748993,0.02573898732662201,0.19956670105457305,1.6871759636357855,7.753479129320927,False,3.376211487430585,9.479106429325702,val
md3034,P50,max_score,322,0.05748562213982114,0.21216541283434223,0.19119467266968318,0.27094718866564127,0.9011585352890008,True,0.333508589871058,1.049569785938296,val
md3034,P50,apce,322,25.641175661027802,89.90028392009853,53.645996389922146,0.28521796086669593,0.596727774937852,True,0.333508589871058,1.049569785938296,val
md3034,P50,score_entropy,322,0.03535898742468461,0.14185014681786484,0.09289076998367073,0.24927000935597318,0.6548514193805336,True,0.333508589871058,1.049569785938296,val
md3034,P50,prompt_topk_score_mean,322,0.014567206226150441,0.04491555686137691,0.028084376074882768,0.32432429304583604,0.6252705752025838,True,0.333508589871058,1.049569785938296,val
md3034,P50,prompt_top1_top8_gap,322,0.08256484174765415,0.2797148681205252,0.21565606683400107,0.2951750198412154,0.7709853547731575,True,0.333508589871058,1.049569785938296,val
md3034,P50,prompt_norm_mean,322,0.03952141281980905,0.06427256661172238,0.11910472301222523,0.6149032923789606,1.8531191344807618,True,0.333508589871058,1.049569785938296,val
md3034,P50,prompt_pairwise_cos_mean,322,0.00934120772047813,0.03169494015829904,0.06164271916661944,0.2947223649430837,1.9448757075041825,True,0.333508589871058,1.049569785938296,val
md3048,P50,max_score,67,0.14437506848306797,0.1503156806105998,0.4517999075686754,0.9604790923717282,3.0056738307700557,True,1.4597637002718404,3.652842141275787,val
md3048,P50,apce,67,43.778688231510905,26.189881737552472,127.55249695279706,1.671587854814059,4.870296789843862,False,1.4597637002718404,3.652842141275787,val
md3048,P50,score_entropy,67,0.0455254343018603,0.2127360407985858,0.3032800150451376,0.21399963133068206,1.425616524145297,True,1.4597637002718404,3.652842141275787,val
md3048,P50,prompt_topk_score_mean,67,0.006645715948361069,0.028399407196400772,0.03705386328163432,0.23400896723539047,1.3047407301172695,True,1.4597637002718404,3.652842141275787,val
md3048,P50,prompt_top1_top8_gap,67,0.15489451164629922,0.16465370690644676,0.5063955256743218,0.9407289672097496,3.075518524213797,True,1.4597637002718404,3.652842141275787,val
md3048,P50,prompt_norm_mean,67,0.15017012695767987,0.03316779634845791,0.2645566997243397,4.527588308113036,7.9763122318092625,False,1.4597637002718404,3.652842141275787,val
md3048,P50,prompt_pairwise_cos_mean,67,0.06764458497958396,0.04050687756111373,0.15845222571002904,1.669953080828236,3.911736358030967,False,1.4597637002718404,3.652842141275787,val
md3055,P50,max_score,23,0.19291457533836365,0.15729772007983664,0.2743224521046099,1.2264295708750463,1.7439696644276426,False,1.6248854788357903,2.292713669350788,val
md3055,P50,apce,23,75.63386286859927,36.899627685546875,77.55245134104852,2.049718862020444,2.101713654184721,False,1.6248854788357903,2.292713669350788,val
md3055,P50,score_entropy,23,0.11100749606671541,0.1462174628091895,0.2891596659370091,0.7591945170791158,1.9776000785376662,True,1.6248854788357903,2.292713669350788,val
md3055,P50,prompt_topk_score_mean,23,0.03265069619469021,0.030572580902472786,0.019803936714711395,1.0679731717050218,0.6477679060606177,False,1.6248854788357903,2.292713669350788,val
md3055,P50,prompt_top1_top8_gap,23,0.222047983304314,0.1690658590067988,0.3215934485197067,1.3133815698063036,1.9021785380386707,False,1.6248854788357903,2.292713669350788,val
md3055,P50,prompt_norm_mean,23,0.0892956775167714,0.021309852600097656,0.13949970577074133,4.190347028124063,6.5462539033965825,False,1.6248854788357903,2.292713669350788,val
md3055,P50,prompt_pairwise_cos_mean,23,0.03597147568412449,0.04688953316730002,0.05296228761258333,0.7671536322405369,1.1295119408096141,True,1.6248854788357903,2.292713669350788,val
